Source Type,Title,Authors/Organization,URL/DOI,Key Content/Pages,Relevance
IEEE Paper,The Chirp Z-Transform Algorithm,"Rabiner, Schafer, Rader",https://web.ece.ucsb.edu/Faculty/Rabiner/ece259/Reprints/015_czt.pdf,"CZT algorithm derivation (pp. 1249-1261), complexity analysis",Core CZT algorithm and mathematical foundation
Journal Article,Generalizing the inverse FFT off the unit circle,Sukhoy et al.,https://www.nature.com/articles/s41598-019-50234-9,"ICZT algorithm O(n log n) implementation, numerical precision",Modern CZT inverse algorithm with optimal complexity
Technical Standard,IEEE 754-2008 Standard for Floating-Point Arithmetic,IEEE Standards Association,https://ieeexplore.ieee.org/document/4610935,"Floating-point arithmetic standards, IEEE 754 format specifications",Computational standards for floating-point operations
Research Paper,Gibbs phenomenon suppression and optimal windowing,Pan (1993),https://s3.cern.ch/inspire-prod-files-0/0261d1e2e64eb37658c39bb0c58532e2,"Gibbs phenomenon theory (pp. 1-3), windowing techniques (pp. 4-7)",Gibbs phenomenon analysis and mitigation strategies
IEEE Paper,Comparison between the CCD CZT and the digital FFT,Buss (1975),https://www.imagesensors.org/Past%20Workshops/Marvin%20White%20Collection/1975%20Papers/1975%203B-01%20Buss.pdf,"CCD vs Digital FFT comparison, performance analysis",Historical comparison of analog vs digital transforms
Technical Report,Understanding FFTs and Windowing,National Instruments,https://download.ni.com/evaluation/pxi/Understanding%20FFTs%20and%20Windowing.pdf,"Windowing theory (pp. 1-5), spectral leakage mitigation",Practical windowing applications and implementations
Conference Paper,Computational cost of chirp z-transform,"Kroutil, Ling",https://www.eurasip.org/Proceedings/Eusipco/Eusipco2014/HTML/papers/1569925105.pdf,"CZT vs GGA computational complexity, performance comparison",Performance comparison between CZT and alternative algorithms
Standard Document,Window Functions and Their Applications,"Harris, Fredric J.",https://library.oapen.org/bitstream/20.500.12657/41686/1/9781466515840.pdf,"Window function theory, applications in signal processing",Comprehensive window function theory and applications
Research Article,A structured review of sparse fast Fourier transform algorithms,Duarte-Carvajalino et al.,https://www.sciencedirect.com/science/article/abs/pii/S1051200422000203,"Sparse FFT algorithms review, computational complexity analysis",Modern sparse FFT algorithms and efficiency improvements
IEEE Standard,IEEE Standard for Floating Point Arithmetic,IEEE,https://ieeexplore.ieee.org/document/4610935,"IEEE 754 standard specifications, floating-point representations",Standard for computational arithmetic in digital systems
Technical Manual,Fast Fourier Transform with CuPy,CuPy Development Team,https://docs.cupy.dev/en/stable/user_guide/fft.html,"GPU FFT implementation, multi-GPU support, plan caching",GPU implementation details for FFT acceleration
Academic Paper,hls4ml: An Open-Source Codesign Workflow,Duarte et al.,https://par.nsf.gov/servlets/purl/10300178,"FPGA machine learning workflows, HLS implementation",FPGA implementation workflows using high-level synthesis
Software Documentation,PYNQ Documentation and Tutorials,Xilinx/AMD,https://pynq.readthedocs.io/,"PYNQ framework, FPGA acceleration with Python",Python-based FPGA development and acceleration
Research Paper,Fast Computation of DFT Square Index,"Queiroz, Saulo",https://arxiv.org/pdf/2407.00182.pdf,"DFT square index coefficients, O(√N log √N) complexity",Novel optimizations for specific DFT coefficient patterns
Conference Proceedings,FFT Algorithms and Applications Review,Various IEEE Authors,https://www.bohrium.com/paper-details/50-years-of-fft-algorithms-and-applications/812776352917749760-4208,"50 years of FFT development, algorithmic advances",Historical perspective and future directions in FFT research
Python Package,scikit-rf: RF/Microwave Network Analysis,scikit-rf Development Team,https://scikit-rf.readthedocs.io/,"RF network analysis, S-parameters, time-domain gating",Specialized RF/microwave tools complementing FFT/CZT analysis
Scientific Library,SciPy CZT Implementation,SciPy Developers,https://docs.scipy.org/doc/scipy/reference/generated/scipy.signal.CZT.html,"CZT class implementation, O(N log N) complexity, Bluestein algorithm",Official SciPy CZT implementation with optimized algorithms
Python Documentation,CZT Python Package (PyPI),Garrett Jones et al.,https://pypi.org/project/czt/,"Standalone CZT package, inverse CZT, frequency filtering",Pure Python CZT package for easy integration
Performance Library,CuPy: NumPy/SciPy for GPU,CuPy Team/Preferred Networks,https://cupy.dev,"GPU FFT acceleration, 100x+ speedups, multi-GPU support",Primary GPU acceleration library for Python scientific computing
RF Engineering Package,scikit-rf Media and Network Classes,scikit-rf Contributors,https://scikit-rf.readthedocs.io/en/latest/tutorials/Media.html,"Transmission line models, network synthesis, optimization",Practical RF engineering applications using transforms
Signal Processing Tutorial,Fourier Transforms with SciPy.fft,Real Python Tutorial Team,https://realpython.com/python-scipy-fft/,"FFT tutorial, frequency domain analysis, signal filtering",Educational resource for understanding FFT/frequency analysis
GPU Acceleration Library,RAPIDS cuML GPU Machine Learning,RAPIDS/NVIDIA,https://docs.rapids.ai/api/cuml/stable/api/,"GPU-accelerated ML algorithms, scikit-learn compatible API",Context for broader GPU acceleration in scientific computing
